"film_id","title","description","rental_duration"
315,"Finding Anaconda","A Fateful Tale of a Database Administrator And a Girl who must Battle a Squirrel in New Orleans",4
852,"Strangelove Desire","A Awe-Inspiring Panorama of a Lumberjack And a Waitress who must Defeat a Crocodile in An Abandoned Amusement Park",4
317,"Fireball Philadelphia","A Amazing Yarn of a Dentist And a A Shark who must Vanquish a Madman in An Abandoned Mine Shaft",4
319,"Fish Opus","A Touching Display of a Feminist And a Girl who must Confront a Astronaut in Australia",4
320,"Flamingos Connecticut","A Fast-Paced Reflection of a Composer And a Composer who must Meet a Cat in The Sahara Desert",4
989,"Working Microcosmos","A Stunning Epistle of a Dentist And a Dog who must Kill a Madman in Ancient China",4
601,"Moulin Wake","A Astounding Story of a Forensic Psychologist And a Cat who must Battle a Teacher in An Abandoned Mine Shaft",4
596,"Moonshine Cabin","A Thoughtful Display of a Astronaut And a Feminist who must Chase a Frisbee in A Jet Boat",4
329,"Forrest Sons","A Thrilling Documentary of a Forensic Psychologist And a Butler who must Defeat a Explorer in A Jet Boat",4
588,"Model Fish","A Beautiful Panorama of a Boat And a Crocodile who must Outrace a Dog in Australia",4
586,"Mockingbird Hollywood","A Thoughtful Panorama of a Man And a Car who must Sink a Composer in Berlin",4
85,"Bonnie Holocaust","A Fast-Paced Story of a Crocodile And a Robot who must Find a Moose in Ancient Japan",4
843,"Steel Santa","A Fast-Paced Yarn of a Composer And a Frisbee who must Face a Moose in Nigeria",4
585,"Mob Duffel","A Unbelieveable Documentary of a Frisbee And a Boat who must Meet a Boy in The Canadian Rockies",4
581,"Minority Kiss","A Insightful Display of a Lumberjack And a Sumo Wrestler who must Meet a Man in The Outback",4
939,"Vertigo Northwest","A Unbelieveable Display of a Mad Scientist And a Mad Scientist who must Outgun a Mad Cow in Ancient Japan",4
578,"Million Ace","A Brilliant Documentary of a Womanizer And a Squirrel who must Find a Technical Writer in The Sahara Desert",4
93,"Brannigan Sunrise","A Amazing Epistle of a Moose And a Crocodile who must Outrace a Dog in Berlin",4
577,"Mile Mulan","A Lacklusture Epistle of a Cat And a Husband who must Confront a Boy in A MySQL Convention",4
346,"Galaxy Sweethearts","A Emotional Reflection of a Womanizer And a Pioneer who must Face a Squirrel in Berlin",4
349,"Gangs Pride","A Taut Character Study of a Woman And a A Shark who must Confront a Frisbee in Berlin",4
351,"Gaslight Crusade","A Amazing Epistle of a Boy And a Astronaut who must Redeem a Man in The Gulf of Mexico",4
352,"Gathering Calendar","A Intrepid Tale of a Pioneer And a Moose who must Conquer a Frisbee in A MySQL Convention",4
572,"Metropolis Coma","A Emotional Saga of a Database Administrator And a Pastry Chef who must Confront a Teacher in A Baloon Factory",4
568,"Memento Zoolander","A Touching Epistle of a Squirrel And a Explorer who must Redeem a Pastry Chef in The Sahara Desert",4
985,"Wonderland Christmas","A Awe-Inspiring Character Study of a Waitress And a Car who must Pursue a Mad Scientist in The First Manned Space Station",4
96,"Breaking Home","A Beautiful Display of a Secret Agent And a Monkey who must Battle a Sumo Wrestler in An Abandoned Mine Shaft",4
564,"Massage Image","A Fateful Drama of a Frisbee And a Crocodile who must Vanquish a Dog in The First Manned Space Station",4
360,"Glass Dying","A Astounding Drama of a Frisbee And a Astronaut who must Fight a Dog in Ancient Japan",4
102,"Bubble Grosse","A Awe-Inspiring Panorama of a Crocodile And a Moose who must Confront a Girl in A Baloon",4
365,"Gold River","A Taut Documentary of a Database Administrator And a Waitress who must Reach a Mad Scientist in A Baloon Factory",4
555,"Mallrats United","A Thrilling Yarn of a Waitress And a Dentist who must Find a Hunter in A Monastery",4
369,"Goodfellas Salute","A Unbelieveable Tale of a Dog And a Explorer who must Sink a Mad Cow in A Baloon Factory",4
370,"Gorgeous Bingo","A Action-Packed Display of a Sumo Wrestler And a Car who must Overcome a Waitress in A Baloon Factory",4
104,"Bugsy Song","A Awe-Inspiring Character Study of a Secret Agent And a Boat who must Find a Squirrel in The First Manned Space Station",4
842,"State Wasteland","A Beautiful Display of a Cat And a Pastry Chef who must Outrace a Mad Cow in A Jet Boat",4
375,"Grail Frankenstein","A Unbelieveable Saga of a Teacher And a Monkey who must Fight a Girl in An Abandoned Mine Shaft",4
376,"Grapes Fury","A Boring Yarn of a Mad Cow And a Sumo Wrestler who must Meet a Robot in Australia",4
106,"Bulworth Commandments","A Amazing Display of a Mad Cow And a Pioneer who must Redeem a Sumo Wrestler in The Outback",4
553,"Maker Gables","A Stunning Display of a Moose And a Database Administrator who must Pursue a Composer in A Jet Boat",4
549,"Magnolia Forrester","A Thoughtful Documentary of a Composer And a Explorer who must Conquer a Dentist in New Orleans",4
107,"Bunch Minds","A Emotional Story of a Feminist And a Feminist who must Escape a Pastry Chef in A MySQL Convention",4
390,"Guys Falcon","A Boring Story of a Woman And a Feminist who must Redeem a Squirrel in A U-Boat",4
545,"Madness Attacks","A Fanciful Tale of a Squirrel And a Boat who must Defeat a Crocodile in The Gulf of Mexico",4
837,"Stage World","A Lacklusture Panorama of a Woman And a Frisbee who must Chase a Crocodile in A Jet Boat",4
544,"Madison Trap","A Awe-Inspiring Reflection of a Monkey And a Dentist who must Overcome a Pioneer in A U-Boat",4
449,"Identity Lover","A Boring Tale of a Composer And a Mad Cow who must Defeat a Car in The Outback",4
395,"Handicap Boondock","A Beautiful Display of a Pioneer And a Squirrel who must Vanquish a Sumo Wrestler in Soviet Georgia",4
110,"Cabin Flash","A Stunning Epistle of a Boat And a Man who must Challenge a A Shark in A Baloon Factory",4
112,"Calendar Gunfight","A Thrilling Drama of a Frisbee And a Lumberjack who must Sink a Man in Nigeria",4
113,"California Birds","A Thrilling Yarn of a Database Administrator And a Robot who must Battle a Database Administrator in Ancient India",4
533,"Lost Bird","A Emotional Character Study of a Robot And a A Shark who must Defeat a Technical Writer in A Manhattan Penthouse",4
528,"Lolita World","A Thrilling Drama of a Girl And a Robot who must Redeem a Waitress in An Abandoned Mine Shaft",4
933,"Vampire Whale","A Epic Story of a Lumberjack And a Monkey who must Confront a Pioneer in A MySQL Convention",4
404,"Hate Handicap","A Intrepid Reflection of a Mad Scientist And a Pioneer who must Overcome a Hunter in The First Manned Space Station",4
527,"Lola Agent","A Astounding Tale of a Mad Scientist And a Husband who must Redeem a Database Administrator in Ancient Japan",4
116,"Candidate Perdition","A Brilliant Epistle of a Composer And a Database Administrator who must Vanquish a Mad Scientist in The First Manned Space Station",4
834,"Spoilers Hellfighters","A Fanciful Story of a Technical Writer And a Squirrel who must Defeat a Dog in The Gulf of Mexico",4
408,"Head Stranger","A Thoughtful Saga of a Hunter And a Crocodile who must Confront a Dog in The Gulf of Mexico",4
824,"Spartacus Cheaper","A Thrilling Panorama of a Pastry Chef And a Secret Agent who must Overcome a Student in A Manhattan Penthouse",4
525,"Loathing Legally","A Boring Epistle of a Pioneer And a Mad Scientist who must Escape a Frisbee in The Gulf of Mexico",4
522,"Life Twisted","A Thrilling Reflection of a Teacher And a Composer who must Find a Man in The First Manned Space Station",4
121,"Carol Texas","A Astounding Character Study of a Composer And a Student who must Overcome a Composer in A Monastery",4
823,"South Wait","A Amazing Documentary of a Car And a Robot who must Escape a Lumberjack in An Abandoned Amusement Park",4
419,"Hocus Frida","A Awe-Inspiring Tale of a Girl And a Madman who must Outgun a Student in A Shark Tank",4
507,"Ladybugs Armageddon","A Fateful Reflection of a Dog And a Mad Scientist who must Meet a Mad Scientist in New Orleans",4
506,"Lady Stage","A Beautiful Character Study of a Woman And a Man who must Pursue a Explorer in A U-Boat",4
35,"Arachnophobia Rollercoaster","A Action-Packed Reflection of a Pastry Chef And a Composer who must Discover a Mad Scientist in The First Manned Space Station",4
502,"Knock Warlock","A Unbelieveable Story of a Teacher And a Boat who must Confront a Moose in A Baloon",4
930,"Vacation Boondock","A Fanciful Character Study of a Secret Agent And a Mad Scientist who must Reach a Teacher in Australia",4
432,"Hope Tootsie","A Amazing Documentary of a Student And a Sumo Wrestler who must Outgun a A Shark in A Shark Tank",4
433,"Horn Working","A Stunning Display of a Mad Scientist And a Technical Writer who must Succumb a Monkey in A Shark Tank",4
497,"Kill Brotherhood","A Touching Display of a Hunter And a Secret Agent who must Redeem a Husband in The Outback",4
436,"Hours Rage","A Fateful Story of a Explorer And a Feminist who must Meet a Technical Writer in Soviet Georgia",4
439,"Hunchback Impossible","A Touching Yarn of a Frisbee And a Dentist who must Fight a Composer in Ancient Japan",4
494,"Karate Moon","A Astounding Yarn of a Womanizer And a Dog who must Reach a Waitress in A MySQL Convention",4
982,"Women Dorado","A Insightful Documentary of a Waitress And a Butler who must Vanquish a Composer in Australia",4
491,"Jumping Wrath","A Touching Epistle of a Monkey And a Feminist who must Discover a Boat in Berlin",4
490,"Jumanji Blade","A Intrepid Yarn of a Husband And a Womanizer who must Pursue a Mad Scientist in New Orleans",4
818,"Something Duck","A Boring Character Study of a Car And a Husband who must Outgun a Frisbee in The First Manned Space Station",4
134,"Champion Flatliners","A Amazing Story of a Mad Cow And a Dog who must Kill a Husband in A Monastery",4
815,"Snatchers Montezuma","A Boring Epistle of a Sumo Wrestler And a Woman who must Escape a Man in The Canadian Rockies",4
452,"Illusion Amelie","A Emotional Epistle of a Boat And a Mad Scientist who must Outrace a Robot in An Abandoned Mine Shaft",4
489,"Juggler Hardly","A Epic Story of a Mad Cow And a Astronaut who must Challenge a Car in California",4
481,"Jekyll Frogmen","A Fanciful Epistle of a Student And a Astronaut who must Kill a Waitress in A Shark Tank",4
40,"Army Flintstones","A Boring Saga of a Database Administrator And a Womanizer who must Battle a Waitress in Nigeria",4
458,"Indian Love","A Insightful Saga of a Mad Scientist And a Mad Scientist who must Kill a Astronaut in An Abandoned Fun House",4
459,"Informer Double","A Action-Packed Display of a Woman And a Dentist who must Redeem a Forensic Psychologist in The Canadian Rockies",4
811,"Smile Earring","A Intrepid Drama of a Teacher And a Butler who must Build a Pastry Chef in Berlin",4
463,"Instinct Airport","A Touching Documentary of a Mad Cow And a Explorer who must Confront a Butler in A Manhattan Penthouse",4
465,"Interview Liaisons","A Action-Packed Reflection of a Student And a Butler who must Discover a Database Administrator in A Manhattan Penthouse",4
478,"Jaws Harry","A Thrilling Display of a Database Administrator And a Monkey who must Overcome a Dog in An Abandoned Fun House",4
470,"Ishtar Rocketeer","A Astounding Saga of a Dog And a Squirrel who must Conquer a Dog in An Abandoned Fun House",4
807,"Sleuth Orient","A Fateful Character Study of a Husband And a Dog who must Find a Feminist in Ancient India",4
806,"Sleepy Japanese","A Emotional Epistle of a Moose And a Composer who must Fight a Technical Writer in The Outback",4
41,"Arsenic Independence","A Fanciful Documentary of a Mad Cow And a Womanizer who must Find a Dentist in Berlin",4
798,"Silverado Goldfinger","A Stunning Epistle of a Sumo Wrestler And a Man who must Challenge a Waitress in Ancient India",4
980,"Wizard Coldblooded","A Lacklusture Display of a Robot And a Girl who must Defeat a Sumo Wrestler in A MySQL Convention",4
974,"Wild Apollo","A Beautiful Story of a Monkey And a Sumo Wrestler who must Conquer a A Shark in A MySQL Convention",4
918,"Twisted Pirates","A Touching Display of a Frisbee And a Boat who must Kill a Girl in A MySQL Convention",4
787,"Shining Roses","A Awe-Inspiring Character Study of a Astronaut And a Forensic Psychologist who must Challenge a Madman in Ancient India",4
781,"Seven Swarm","A Unbelieveable Character Study of a Dog And a Mad Cow who must Kill a Monkey in Berlin",4
213,"Date Speed","A Touching Saga of a Composer And a Moose who must Discover a Dentist in A MySQL Convention",4
160,"Club Graffiti","A Epic Tale of a Pioneer And a Hunter who must Escape a Girl in A U-Boat",4
779,"Sense Greek","A Taut Saga of a Lumberjack And a Pastry Chef who must Escape a Sumo Wrestler in An Abandoned Fun House",4
162,"Clueless Bucket","A Taut Tale of a Car And a Pioneer who must Conquer a Sumo Wrestler in An Abandoned Fun House",4
163,"Clyde Theory","A Beautiful Yarn of a Astronaut And a Frisbee who must Overcome a Explorer in A Jet Boat",4
164,"Coast Rainbow","A Astounding Documentary of a Mad Cow And a Pioneer who must Challenge a Butler in The Sahara Desert",4
775,"Seattle Expecations","A Insightful Reflection of a Crocodile And a Sumo Wrestler who must Meet a Technical Writer in The Sahara Desert",4
772,"Sea Virgin","A Fast-Paced Documentary of a Technical Writer And a Pastry Chef who must Escape a Moose in A U-Boat",4
13,"Ali Forever","A Action-Packed Drama of a Dentist And a Crocodile who must Battle a Feminist in The Canadian Rockies",4
972,"Whisperer Giant","A Intrepid Story of a Dentist And a Hunter who must Confront a Monkey in Ancient Japan",4
759,"Salute Apollo","A Awe-Inspiring Character Study of a Boy And a Feminist who must Sink a Crocodile in Ancient China",4
757,"Sagebrush Clueless","A Insightful Story of a Lumberjack And a Hunter who must Kill a Boy in Ancient Japan",4
748,"Rugrats Shakespeare","A Touching Saga of a Crocodile And a Crocodile who must Discover a Technical Writer in Nigeria",4
177,"Connecticut Tramp","A Unbelieveable Drama of a Crocodile And a Mad Cow who must Reach a Dentist in A Shark Tank",4
744,"Roots Remember","A Brilliant Drama of a Mad Cow And a Hunter who must Escape a Hunter in Berlin",4
179,"Conquerer Nuts","A Taut Drama of a Mad Scientist And a Man who must Escape a Pioneer in An Abandoned Mine Shaft",4
180,"Conspiracy Spirit","A Awe-Inspiring Story of a Student And a Frisbee who must Conquer a Crocodile in An Abandoned Mine Shaft",4
183,"Conversation Downhill","A Taut Character Study of a Husband And a Waitress who must Sink a Squirrel in A MySQL Convention",4
739,"Rocky War","A Fast-Paced Display of a Squirrel And a Explorer who must Outgun a Mad Scientist in Nigeria",4
907,"Translation Summer","A Touching Reflection of a Man And a Monkey who must Pursue a Womanizer in A MySQL Convention",4
98,"Bright Encounters","A Fateful Yarn of a Lumberjack And a Feminist who must Conquer a Student in A Jet Boat",4
737,"Rock Instinct","A Astounding Character Study of a Robot And a Moose who must Overcome a Astronaut in Ancient India",4
192,"Crossing Divorce","A Beautiful Documentary of a Dog And a Robot who must Redeem a Womanizer in Berlin",4
906,"Tramp Others","A Brilliant Display of a Composer And a Cat who must Succumb a A Shark in Ancient India",4
736,"Robbery Bright","A Taut Reflection of a Robot And a Squirrel who must Fight a Boat in Ancient Japan",4
197,"Crusade Honey","A Fast-Paced Reflection of a Explorer And a Butler who must Battle a Madman in An Abandoned Amusement Park",4
734,"Road Roxanne","A Boring Character Study of a Waitress And a Astronaut who must Fight a Crocodile in Ancient Japan",4
199,"Cupboard Sinners","A Emotional Reflection of a Frisbee And a Boat who must Reach a Pastry Chef in An Abandoned Amusement Park",4
971,"Whale Bikini","A Intrepid Story of a Pastry Chef And a Database Administrator who must Kill a Feminist in A MySQL Convention",4
969,"West Lion","A Intrepid Drama of a Butler And a Lumberjack who must Challenge a Database Administrator in A Manhattan Penthouse",4
204,"Dalmations Sweden","A Emotional Epistle of a Moose And a Hunter who must Overcome a Robot in A Manhattan Penthouse",4
733,"River Outlaw","A Thrilling Character Study of a Squirrel And a Lumberjack who must Face a Hunter in A MySQL Convention",4
712,"Raiders Antitrust","A Amazing Drama of a Teacher And a Feminist who must Meet a Woman in The First Manned Space Station",4
215,"Dawn Pond","A Thoughtful Documentary of a Dentist And a Forensic Psychologist who must Defeat a Waitress in Berlin",4
711,"Raging Airplane","A Astounding Display of a Secret Agent And a Technical Writer who must Escape a Mad Scientist in A Jet Boat",4
710,"Rage Games","A Fast-Paced Saga of a Astronaut And a Secret Agent who must Escape a Hunter in An Abandoned Amusement Park",4
221,"Deliverance Mulholland","A Astounding Saga of a Monkey And a Moose who must Conquer a Butler in A Shark Tank",4
222,"Desert Poseidon","A Brilliant Documentary of a Butler And a Frisbee who must Build a Astronaut in New Orleans",4
226,"Destiny Saturday","A Touching Drama of a Crocodile And a Crocodile who must Conquer a Explorer in Soviet Georgia",4
227,"Details Packer","A Epic Saga of a Waitress And a Composer who must Face a Boat in A U-Boat",4
228,"Detective Vision","A Fanciful Documentary of a Pioneer And a Woman who must Redeem a Hunter in Ancient Japan",4
708,"Quills Bull","A Thoughtful Story of a Pioneer And a Woman who must Reach a Moose in Australia",4
705,"Purple Movie","A Boring Display of a Pastry Chef And a Sumo Wrestler who must Discover a Frisbee in An Abandoned Amusement Park",4
702,"Pulp Beverly","A Unbelieveable Display of a Dog And a Crocodile who must Outrace a Man in Nigeria",4
236,"Divine Resurrection","A Boring Character Study of a Man And a Womanizer who must Succumb a Teacher in An Abandoned Amusement Park",4
238,"Doctor Grail","A Insightful Drama of a Womanizer And a Waitress who must Reach a Forensic Psychologist in The Outback",4
898,"Tourist Pelican","A Boring Story of a Butler And a Astronaut who must Outrace a Pioneer in Australia",4
241,"Donnie Alley","A Awe-Inspiring Tale of a Butler And a Frisbee who must Vanquish a Teacher in Ancient Japan",4
242,"Doom Dancing","A Astounding Panorama of a Car And a Mad Scientist who must Battle a Lumberjack in A MySQL Convention",4
893,"Titans Jerk","A Unbelieveable Panorama of a Feminist And a Sumo Wrestler who must Challenge a Technical Writer in Ancient China",4
245,"Double Wrath","A Thoughtful Yarn of a Womanizer And a Dog who must Challenge a Madman in The Gulf of Mexico",4
57,"Basic Easy","A Stunning Epistle of a Man And a Husband who must Reach a Mad Scientist in A Jet Boat",4
700,"Prix Undefeated","A Stunning Saga of a Mad Scientist And a Boat who must Overcome a Dentist in Ancient China",4
250,"Dragon Squad","A Taut Reflection of a Boy And a Waitress who must Outgun a Teacher in Ancient China",4
684,"Pizza Jumanji","A Epic Saga of a Cat And a Squirrel who must Outgun a Robot in A U-Boat",4
682,"Pittsburgh Hunchback","A Thrilling Epistle of a Boy And a Boat who must Find a Student in Soviet Georgia",4
882,"Tenenbaums Command","A Taut Display of a Pioneer And a Man who must Reach a Girl in The Gulf of Mexico",4
254,"Driver Annie","A Lacklusture Character Study of a Butler And a Car who must Redeem a Boat in An Abandoned Fun House",4
681,"Pirates Roxanne","A Stunning Drama of a Woman And a Lumberjack who must Overcome a A Shark in The Canadian Rockies",4
680,"Pinocchio Simon","A Action-Packed Reflection of a Mad Scientist And a A Shark who must Find a Feminist in California",4
670,"Pelican Comforts","A Epic Documentary of a Boy And a Monkey who must Pursue a Astronaut in Berlin",4
259,"Duck Racer","A Lacklusture Yarn of a Teacher And a Squirrel who must Overcome a Dog in A Shark Tank",4
59,"Bear Graceland","A Astounding Saga of a Dog And a Boy who must Kill a Teacher in The First Manned Space Station",4
964,"Waterfront Deliverance","A Unbelieveable Documentary of a Dentist And a Technical Writer who must Build a Womanizer in Nigeria",4
666,"Paycheck Wait","A Awe-Inspiring Reflection of a Boy And a Man who must Discover a Moose in The Sahara Desert",4
665,"Patton Interview","A Thrilling Documentary of a Composer And a Secret Agent who must Succumb a Cat in Berlin",4
266,"Dynamite Tarzan","A Intrepid Documentary of a Forensic Psychologist And a Mad Scientist who must Face a Explorer in A U-Boat",4
267,"Eagles Panky","A Thoughtful Story of a Car And a Boy who must Find a A Shark in The Sahara Desert",4
654,"Panky Submarine","A Touching Documentary of a Dentist And a Sumo Wrestler who must Overcome a Boy in The Gulf of Mexico",4
20,"Amelie Hellfighters","A Boring Drama of a Woman And a Squirrel who must Conquer a Student in A Baloon",4
877,"Taxi Kick","A Amazing Epistle of a Girl And a Woman who must Outrace a Waitress in Soviet Georgia",4
649,"Oz Liaisons","A Epic Yarn of a Mad Scientist And a Cat who must Confront a Womanizer in A Baloon Factory",4
274,"Egg Igby","A Beautiful Documentary of a Boat And a Sumo Wrestler who must Succumb a Database Administrator in The First Manned Space Station",4
647,"Outfield Massacre","A Thoughtful Drama of a Husband And a Secret Agent who must Pursue a Database Administrator in Ancient India",4
277,"Elephant Trojan","A Beautiful Panorama of a Lumberjack And a Forensic Psychologist who must Overcome a Frisbee in A Baloon",4
278,"Elf Murder","A Action-Packed Story of a Frisbee And a Woman who must Reach a Girl in An Abandoned Mine Shaft",4
641,"Orange Grapes","A Astounding Documentary of a Butler And a Womanizer who must Face a Dog in A U-Boat",4
870,"Swarm Gold","A Insightful Panorama of a Crocodile And a Boat who must Conquer a Sumo Wrestler in A MySQL Convention",4
631,"Novocaine Flight","A Fanciful Display of a Student And a Teacher who must Outgun a Crocodile in Nigeria",4
869,"Suspects Quills","A Emotional Epistle of a Pioneer And a Crocodile who must Battle a Man in A Manhattan Penthouse",4
943,"Villain Desperate","A Boring Yarn of a Pioneer And a Feminist who must Redeem a Cat in An Abandoned Amusement Park",4
941,"Videotape Arsenic","A Lacklusture Display of a Girl And a Astronaut who must Succumb a Student in Australia",4
290,"Everyone Craft","A Fateful Display of a Waitress And a Dentist who must Reach a Butler in Nigeria",4
860,"Suicides Silence","A Emotional Character Study of a Car And a Girl who must Face a Composer in A U-Boat",4
627,"North Tequila","A Beautiful Character Study of a Mad Cow And a Robot who must Reach a Womanizer in New Orleans",4
991,"Worst Banger","A Thrilling Drama of a Madman And a Dentist who must Conquer a Boy in The Outback",4
74,"Birch Antitrust","A Fanciful Panorama of a Husband And a Pioneer who must Outgun a Dog in A Baloon",4
623,"Newton Labyrinth","A Intrepid Character Study of a Moose And a Waitress who must Find a A Shark in Ancient India",4
298,"Eyes Driving","A Thrilling Story of a Cat And a Waitress who must Fight a Explorer in The Outback",4
299,"Factory Dragon","A Action-Packed Saga of a Teacher And a Frisbee who must Escape a Lumberjack in The Sahara Desert",4
854,"Strangers Graffiti","A Brilliant Character Study of a Secret Agent And a Man who must Find a Cat in The Gulf of Mexico",4
301,"Family Sweet","A Epic Documentary of a Teacher And a Boy who must Escape a Woman in Berlin",4
76,"Birdcage Casper","A Fast-Paced Saga of a Frisbee And a Astronaut who must Overcome a Feminist in Ancient India",4
622,"Newsies Story","A Action-Packed Character Study of a Dog And a Lumberjack who must Outrace a Moose in The Gulf of Mexico",4
617,"Natural Stock","A Fast-Paced Story of a Sumo Wrestler And a Girl who must Defeat a Car in A Baloon Factory",4
616,"National Story","A Taut Epistle of a Mad Scientist And a Girl who must Escape a Monkey in California",4
604,"Mulan Moon","A Emotional Saga of a Womanizer And a Pioneer who must Overcome a Dentist in A Baloon",4
997,"Youth Kick","A Touching Drama of a Teacher And a Cat who must Challenge a Technical Writer in A U-Boat",4
311,"Fiction Christmas","A Emotional Yarn of a A Shark And a Student who must Battle a Robot in An Abandoned Mine Shaft",4
312,"Fiddler Lost","A Boring Tale of a Squirrel And a Dog who must Challenge a Madman in The Gulf of Mexico",4
30,"Anything Savannah","A Epic Story of a Pastry Chef And a Woman who must Chase a Feminist in An Abandoned Fun House",4
999,"Zoolander Fiction","A Fateful Reflection of a Waitress And a Boat who must Discover a Sumo Wrestler in Ancient China",5
4,"Affair Prejudice","A Fanciful Documentary of a Frisbee And a Lumberjack who must Chase a Monkey in A Shark Tank",5
15,"Alien Center","A Brilliant Drama of a Cat And a Mad Scientist who must Battle a Feminist in A MySQL Convention",5
28,"Anthem Luke","A Touching Panorama of a Waitress And a Woman who must Outrace a Dog in An Abandoned Amusement Park",5
29,"Antitrust Tomatoes","A Fateful Yarn of a Womanizer And a Feminist who must Succumb a Database Administrator in Ancient India",5
31,"Apache Divine","A Awe-Inspiring Reflection of a Pastry Chef And a Teacher who must Overcome a Sumo Wrestler in A U-Boat",5
33,"Apollo Teen","A Action-Packed Reflection of a Crocodile And a Explorer who must Find a Sumo Wrestler in An Abandoned Mine Shaft",5
39,"Armageddon Lost","A Fast-Paced Tale of a Boat And a Teacher who must Succumb a Composer in An Abandoned Mine Shaft",5
42,"Artist Coldblooded","A Stunning Reflection of a Robot And a Moose who must Challenge a Woman in California",5
265,"Dying Maker","A Intrepid Tale of a Boat And a Monkey who must Kill a Cat in California",5
44,"Attacks Hate","A Fast-Paced Panorama of a Technical Writer And a Mad Scientist who must Find a Feminist in An Abandoned Mine Shaft",5
45,"Attraction Newton","A Astounding Panorama of a Composer And a Frisbee who must Reach a Husband in Ancient Japan",5
47,"Baby Hall","A Boring Character Study of a A Shark And a Girl who must Outrace a Feminist in An Abandoned Mine Shaft",5
51,"Balloon Homeward","A Insightful Panorama of a Forensic Psychologist And a Mad Cow who must Build a Mad Scientist in The First Manned Space Station",5
53,"Bang Kwai","A Epic Drama of a Madman And a Cat who must Face a A Shark in An Abandoned Amusement Park",5
54,"Banger Pinocchio","A Awe-Inspiring Drama of a Car And a Pastry Chef who must Chase a Crocodile in The First Manned Space Station",5
61,"Beauty Grease","A Fast-Paced Display of a Composer And a Moose who must Sink a Robot in An Abandoned Mine Shaft",5
62,"Bed Highball","A Astounding Panorama of a Lumberjack And a Dog who must Redeem a Woman in An Abandoned Fun House",5
67,"Berets Agent","A Taut Saga of a Crocodile And a Boy who must Overcome a Technical Writer in Ancient China",5
68,"Betrayed Rear","A Emotional Character Study of a Boat And a Pioneer who must Find a Explorer in A Shark Tank",5
73,"Bingo Talented","A Touching Tale of a Girl And a Crocodile who must Discover a Waitress in Nigeria",5
77,"Birds Perdition","A Boring Story of a Womanizer And a Pioneer who must Face a Dog in California",5
79,"Blade Polish","A Thoughtful Character Study of a Frisbee And a Pastry Chef who must Fight a Dentist in The First Manned Space Station",5
83,"Blues Instinct","A Insightful Documentary of a Boat And a Composer who must Meet a Forensic Psychologist in An Abandoned Fun House",5
91,"Bound Cheaper","A Thrilling Panorama of a Database Administrator And a Astronaut who must Challenge a Lumberjack in A Baloon",5
95,"Breakfast Goldfinger","A Beautiful Reflection of a Student And a Student who must Fight a Moose in Berlin",5
115,"Campus Remember","A Astounding Drama of a Crocodile And a Mad Cow who must Build a Robot in A Jet Boat",5
125,"Cassidy Wyoming","A Intrepid Drama of a Frisbee And a Hunter who must Kill a Secret Agent in New Orleans",5
127,"Cat Coneheads","A Fast-Paced Panorama of a Girl And a A Shark who must Confront a Boy in Ancient India",5
131,"Center Dinosaur","A Beautiful Character Study of a Sumo Wrestler And a Dentist who must Find a Dog in California",5
138,"Chariots Conspiracy","A Unbelieveable Epistle of a Robot And a Husband who must Chase a Robot in The First Manned Space Station",5
145,"Chisum Behavior","A Epic Documentary of a Sumo Wrestler And a Butler who must Kill a Car in Ancient India",5
147,"Chocolat Harry","A Action-Packed Epistle of a Dentist And a Moose who must Meet a Mad Cow in Ancient Japan",5
151,"Cincinatti Whisperer","A Brilliant Saga of a Pastry Chef And a Hunter who must Confront a Butler in Berlin",5
152,"Circus Youth","A Thoughtful Drama of a Pastry Chef And a Dentist who must Pursue a Girl in A Baloon",5
159,"Closer Bang","A Unbelieveable Panorama of a Frisbee And a Hunter who must Vanquish a Monkey in Ancient India",5
168,"Comancheros Enemy","A Boring Saga of a Lumberjack And a Monkey who must Find a Monkey in The Gulf of Mexico",5
170,"Command Darling","A Awe-Inspiring Tale of a Forensic Psychologist And a Woman who must Challenge a Database Administrator in Ancient Japan",5
187,"Cranes Reservoir","A Fanciful Documentary of a Teacher And a Dog who must Outgun a Forensic Psychologist in A Baloon Factory",5
190,"Creepers Kane","A Awe-Inspiring Reflection of a Squirrel And a Boat who must Outrace a Car in A Jet Boat",5
193,"Crossroads Casualties","A Intrepid Documentary of a Sumo Wrestler And a Astronaut who must Battle a Composer in The Outback",5
202,"Daddy Pittsburgh","A Epic Story of a A Shark And a Student who must Confront a Explorer in The Gulf of Mexico",5
203,"Daisy Menagerie","A Fast-Paced Saga of a Pastry Chef And a Monkey who must Sink a Composer in Ancient India",5
239,"Dogma Family","A Brilliant Character Study of a Database Administrator And a Monkey who must Succumb a Astronaut in New Orleans",5
244,"Dorado Notting","A Action-Packed Tale of a Sumo Wrestler And a A Shark who must Meet a Frisbee in California",5
246,"Doubtfire Labyrinth","A Intrepid Panorama of a Butler And a Composer who must Meet a Mad Cow in The Sahara Desert",5
253,"Drifter Commandments","A Epic Reflection of a Womanizer And a Squirrel who must Discover a Husband in A Jet Boat",5
261,"Duffel Apocalypse","A Emotional Display of a Boat And a Explorer who must Challenge a Madman in A MySQL Convention",5
262,"Dumbo Lust","A Touching Display of a Feminist And a Dentist who must Conquer a Husband in The Gulf of Mexico",5
271,"Easy Gladiator","A Fateful Story of a Monkey And a Girl who must Overcome a Pastry Chef in Ancient India",5
272,"Edge Kissing","A Beautiful Yarn of a Composer And a Mad Cow who must Redeem a Mad Scientist in A Jet Boat",5
282,"Encounters Curtain","A Insightful Epistle of a Pastry Chef And a Womanizer who must Build a Boat in New Orleans",5
284,"Enemy Odds","A Fanciful Panorama of a Mad Scientist And a Woman who must Pursue a Astronaut in Ancient India",5
287,"Entrapment Satisfaction","A Thoughtful Panorama of a Hunter And a Teacher who must Reach a Mad Cow in A U-Boat",5
289,"Eve Resurrection","A Awe-Inspiring Yarn of a Pastry Chef And a Database Administrator who must Challenge a Teacher in A Baloon",5
291,"Evolution Alter","A Fanciful Character Study of a Feminist And a Madman who must Find a Explorer in A Baloon Factory",5
294,"Expecations Natural","A Amazing Drama of a Butler And a Husband who must Reach a A Shark in A U-Boat",5
296,"Express Lonely","A Boring Drama of a Astronaut And a Boat who must Face a Boat in California",5
300,"Falcon Volume","A Fateful Saga of a Sumo Wrestler And a Hunter who must Redeem a A Shark in New Orleans",5
302,"Fantasia Park","A Thoughtful Documentary of a Mad Scientist And a A Shark who must Outrace a Feminist in Australia",5
310,"Fever Empire","A Insightful Panorama of a Cat And a Boat who must Defeat a Boat in The Gulf of Mexico",5
313,"Fidelity Devil","A Awe-Inspiring Drama of a Technical Writer And a Composer who must Reach a Pastry Chef in A U-Boat",5
316,"Fire Wolves","A Intrepid Documentary of a Frisbee And a Dog who must Outrace a Lumberjack in Nigeria",5
322,"Flatliners Killer","A Taut Display of a Secret Agent And a Waitress who must Sink a Robot in An Abandoned Mine Shaft",5
335,"Freedom Cleopatra","A Emotional Reflection of a Dentist And a Mad Cow who must Face a Squirrel in A Baloon",5
336,"French Holiday","A Thrilling Epistle of a Dog And a Feminist who must Kill a Madman in Berlin",5
339,"Frogmen Breaking","A Unbelieveable Yarn of a Mad Scientist And a Cat who must Chase a Lumberjack in Australia",5
341,"Frost Head","A Amazing Reflection of a Lumberjack And a Cat who must Discover a Husband in A MySQL Convention",5
356,"Giant Troopers","A Fateful Display of a Feminist And a Monkey who must Vanquish a Monkey in The Canadian Rockies",5
358,"Gilmore Boiled","A Unbelieveable Documentary of a Boat And a Husband who must Succumb a Student in A U-Boat",5
361,"Gleaming Jawbreaker","A Amazing Display of a Composer And a Forensic Psychologist who must Discover a Car in The Canadian Rockies",5
371,"Gosford Donnie","A Epic Panorama of a Mad Scientist And a Monkey who must Redeem a Secret Agent in Berlin",5
372,"Graceland Dynamite","A Taut Display of a Cat And a Girl who must Overcome a Database Administrator in New Orleans",5
378,"Greatest North","A Astounding Character Study of a Secret Agent And a Robot who must Build a A Shark in Berlin",5
388,"Gunfight Moon","A Epic Reflection of a Pastry Chef And a Explorer who must Reach a Dentist in The Sahara Desert",5
392,"Hall Cassidy","A Beautiful Panorama of a Pastry Chef And a A Shark who must Battle a Pioneer in Soviet Georgia",5
396,"Hanging Deep","A Action-Packed Yarn of a Boat And a Crocodile who must Build a Monkey in Berlin",5
397,"Hanky October","A Boring Epistle of a Database Administrator And a Explorer who must Pursue a Madman in Soviet Georgia",5
398,"Hanover Galaxy","A Stunning Reflection of a Girl And a Secret Agent who must Succumb a Boy in A MySQL Convention",5
403,"Harry Idaho","A Taut Yarn of a Technical Writer And a Feminist who must Outrace a Dog in California",5
406,"Haunting Pianist","A Fast-Paced Story of a Database Administrator And a Composer who must Defeat a Squirrel in An Abandoned Amusement Park",5
407,"Hawk Chill","A Action-Packed Drama of a Mad Scientist And a Composer who must Outgun a Car in Australia",5
411,"Heavenly Gun","A Beautiful Yarn of a Forensic Psychologist And a Frisbee who must Battle a Moose in A Jet Boat",5
417,"Hills Neighbors","A Epic Display of a Hunter And a Feminist who must Sink a Car in A U-Boat",5
418,"Hobbit Alien","A Emotional Drama of a Husband And a Girl who must Outgun a Composer in The First Manned Space Station",5
427,"Homeward Cider","A Taut Reflection of a Astronaut And a Squirrel who must Fight a Squirrel in A Manhattan Penthouse",5
450,"Idols Snatchers","A Insightful Drama of a Car And a Composer who must Fight a Man in A Monastery",5
441,"Hunter Alter","A Emotional Drama of a Mad Cow And a Boat who must Redeem a Secret Agent in A Shark Tank",5
445,"Hyde Doctor","A Fanciful Documentary of a Boy And a Woman who must Redeem a Womanizer in A Jet Boat",5
446,"Hysterical Grail","A Amazing Saga of a Madman And a Dentist who must Build a Car in A Manhattan Penthouse",5
447,"Ice Crossing","A Fast-Paced Tale of a Butler And a Moose who must Overcome a Pioneer in A Manhattan Penthouse",5
457,"Independence Hotel","A Thrilling Tale of a Technical Writer And a Boy who must Face a Pioneer in A Monastery",5
462,"Insider Arizona","A Astounding Saga of a Mad Scientist And a Hunter who must Pursue a Robot in A Baloon Factory",5
468,"Invasion Cyclone","A Lacklusture Character Study of a Mad Scientist And a Womanizer who must Outrace a Explorer in A Monastery",5
473,"Jacket Frisco","A Insightful Reflection of a Womanizer And a Husband who must Conquer a Pastry Chef in A Baloon",5
476,"Jason Trap","A Thoughtful Tale of a Woman And a A Shark who must Conquer a Dog in A Monastery",5
477,"Jawbreaker Brooklyn","A Stunning Reflection of a Boat And a Pastry Chef who must Succumb a A Shark in A Jet Boat",5
493,"Kane Exorcist","A Epic Documentary of a Composer And a Robot who must Overcome a Car in Berlin",5
495,"Kentuckian Giant","A Stunning Yarn of a Woman And a Frisbee who must Escape a Waitress in A U-Boat",5
500,"Kiss Glory","A Lacklusture Reflection of a Girl And a Husband who must Find a Robot in The Canadian Rockies",5
504,"Kwai Homeward","A Amazing Drama of a Car And a Squirrel who must Pursue a Car in Soviet Georgia",5
509,"Language Cowboy","A Epic Yarn of a Cat And a Madman who must Vanquish a Dentist in An Abandoned Amusement Park",5
512,"League Hellfighters","A Thoughtful Saga of a A Shark And a Monkey who must Outgun a Student in Ancient China",5
518,"Liaisons Sweet","A Boring Drama of a A Shark And a Explorer who must Redeem a Waitress in The Canadian Rockies",5
530,"Lord Arizona","A Action-Packed Display of a Frisbee And a Pastry Chef who must Pursue a Crocodile in A Jet Boat",5
532,"Loser Hustler","A Stunning Drama of a Robot And a Feminist who must Outgun a Butler in Nigeria",5
534,"Louisiana Harry","A Lacklusture Drama of a Girl And a Technical Writer who must Redeem a Monkey in A Shark Tank",5
541,"Luke Mummy","A Taut Character Study of a Boy And a Robot who must Redeem a Mad Scientist in Ancient India",5
543,"Madigan Dorado","A Astounding Character Study of a A Shark And a A Shark who must Discover a Crocodile in The Outback",5
552,"Majestic Floats","A Thrilling Character Study of a Moose And a Student who must Escape a Butler in The First Manned Space Station",5
557,"Manchurian Curtain","A Stunning Tale of a Mad Cow And a Boy who must Battle a Boy in Berlin",5
570,"Mermaid Insects","A Lacklusture Drama of a Waitress And a Husband who must Fight a Husband in California",5
597,"Moonwalker Fool","A Epic Drama of a Feminist And a Pioneer who must Sink a Composer in New Orleans",5
600,"Motions Details","A Awe-Inspiring Reflection of a Dog And a Student who must Kill a Car in An Abandoned Fun House",5
602,"Mourning Purple","A Lacklusture Display of a Waitress And a Lumberjack who must Chase a Pioneer in New Orleans",5
607,"Muppet Mile","A Lacklusture Story of a Madman And a Teacher who must Kill a Frisbee in The Gulf of Mexico",5
613,"Mystic Truman","A Epic Yarn of a Teacher And a Hunter who must Outgun a Explorer in Soviet Georgia",5
614,"Name Detective","A Touching Saga of a Sumo Wrestler And a Cat who must Pursue a Mad Scientist in Nigeria",5
620,"Nemo Campus","A Lacklusture Reflection of a Monkey And a Squirrel who must Outrace a Womanizer in A Manhattan Penthouse",5
621,"Network Peak","A Unbelieveable Reflection of a Butler And a Boat who must Outgun a Mad Scientist in California",5
626,"Noon Papi","A Unbelieveable Character Study of a Mad Scientist And a Astronaut who must Find a Pioneer in A Manhattan Penthouse",5
628,"Northwest Polish","A Boring Character Study of a Boy And a A Shark who must Outrace a Womanizer in The Outback",5
632,"Nuts Ties","A Thoughtful Drama of a Explorer And a Womanizer who must Meet a Teacher in California",5
636,"Oleander Clue","A Boring Story of a Teacher And a Monkey who must Succumb a Forensic Psychologist in A Jet Boat",5
640,"Opus Ice","A Fast-Paced Drama of a Hunter And a Boy who must Discover a Feminist in The Sahara Desert",5
655,"Panther Reds","A Brilliant Panorama of a Moose And a Man who must Reach a Teacher in The Gulf of Mexico",5
657,"Paradise Sabrina","A Intrepid Yarn of a Car And a Moose who must Outrace a Crocodile in A Manhattan Penthouse",5
661,"Past Suicides","A Intrepid Tale of a Madman And a Astronaut who must Challenge a Hunter in A Monastery",5
683,"Pity Bound","A Boring Panorama of a Feminist And a Moose who must Defeat a Database Administrator in Nigeria",5
686,"Pluto Oleander","A Action-Packed Reflection of a Car And a Moose who must Outgun a Car in A Shark Tank",5
689,"Pollock Deliverance","A Intrepid Story of a Madman And a Frisbee who must Outgun a Boat in The Sahara Desert",5
693,"Potter Connecticut","A Thrilling Epistle of a Frisbee And a Cat who must Fight a Technical Writer in Berlin",5
701,"Psycho Shrunk","A Amazing Panorama of a Crocodile And a Explorer who must Fight a Husband in Nigeria",5
706,"Queen Luke","A Astounding Story of a Girl And a Boy who must Challenge a Composer in New Orleans",5
707,"Quest Mussolini","A Fateful Drama of a Husband And a Sumo Wrestler who must Battle a Pastry Chef in A Baloon Factory",5
722,"Reef Salute","A Action-Packed Saga of a Teacher And a Lumberjack who must Battle a Dentist in A Baloon",5
724,"Remember Diary","A Insightful Tale of a Technical Writer And a Waitress who must Conquer a Monkey in Ancient India",5
729,"Rider Caddyshack","A Taut Reflection of a Monkey And a Womanizer who must Chase a Moose in Nigeria",5
732,"Rings Heartbreakers","A Amazing Yarn of a Sumo Wrestler And a Boat who must Conquer a Waitress in New Orleans",5
740,"Rollercoaster Bringing","A Beautiful Drama of a Robot And a Lumberjack who must Discover a Technical Writer in A Shark Tank",5
745,"Roses Treasure","A Astounding Panorama of a Monkey And a Secret Agent who must Defeat a Woman in The First Manned Space Station",5
747,"Roxanne Rebel","A Astounding Story of a Pastry Chef And a Database Administrator who must Fight a Man in The Outback",5
755,"Sabrina Midnight","A Emotional Story of a Squirrel And a Crocodile who must Succumb a Husband in The Sahara Desert",5
758,"Saints Bride","A Fateful Tale of a Technical Writer And a Composer who must Pursue a Explorer in The Gulf of Mexico",5
760,"Samurai Lion","A Fast-Paced Story of a Pioneer And a Astronaut who must Reach a Boat in A Baloon",5
766,"Savannah Town","A Awe-Inspiring Tale of a Astronaut And a Database Administrator who must Chase a Secret Agent in The Gulf of Mexico",5
769,"School Jacket","A Intrepid Yarn of a Monkey And a Boy who must Fight a Composer in A Manhattan Penthouse",5
770,"Scissorhands Slums","A Awe-Inspiring Drama of a Girl And a Technical Writer who must Meet a Feminist in The Canadian Rockies",5
788,"Ship Wonderland","A Thrilling Saga of a Monkey And a Frisbee who must Escape a Explorer in The Outback",5
777,"Secretary Rouge","A Action-Packed Panorama of a Mad Cow And a Composer who must Discover a Robot in A Baloon Factory",5
783,"Shane Darkness","A Action-Packed Saga of a Moose And a Lumberjack who must Find a Woman in Berlin",5
794,"Side Ark","A Stunning Panorama of a Crocodile And a Womanizer who must Meet a Feminist in The Canadian Rockies",5
801,"Sister Freddy","A Stunning Saga of a Butler And a Woman who must Pursue a Explorer in Australia",5
805,"Sleepless Monsoon","A Amazing Saga of a Moose And a Pastry Chef who must Escape a Butler in Australia",5
808,"Sling Luke","A Intrepid Character Study of a Robot And a Monkey who must Reach a Secret Agent in An Abandoned Amusement Park",5
809,"Slipper Fidelity","A Taut Reflection of a Secret Agent And a Man who must Redeem a Explorer in A MySQL Convention",5
810,"Slums Duck","A Amazing Character Study of a Teacher And a Database Administrator who must Defeat a Waitress in A Jet Boat",5
827,"Spice Sorority","A Fateful Display of a Pioneer And a Hunter who must Defeat a Husband in An Abandoned Mine Shaft",5
831,"Spirited Casualties","A Taut Story of a Waitress And a Man who must Face a Car in A Baloon Factory",5
832,"Splash Gump","A Taut Saga of a Crocodile And a Boat who must Conquer a Hunter in A Shark Tank",5
833,"Splendor Patton","A Taut Story of a Dog And a Explorer who must Find a Astronaut in Berlin",5
838,"Stagecoach Armageddon","A Touching Display of a Pioneer And a Butler who must Chase a Car in California",5
839,"Stallion Sundance","A Fast-Paced Tale of a Car And a Dog who must Outgun a A Shark in Australia",5
840,"Stampede Disturbing","A Unbelieveable Tale of a Woman And a Lumberjack who must Fight a Frisbee in A U-Boat",5
841,"Star Operation","A Insightful Character Study of a Girl And a Car who must Pursue a Mad Cow in A Shark Tank",5
890,"Tights Dawn","A Thrilling Epistle of a Boat And a Secret Agent who must Face a Boy in A Baloon",5
856,"Streetcar Intentions","A Insightful Character Study of a Waitress And a Crocodile who must Sink a Waitress in The Gulf of Mexico",5
858,"Submarine Bed","A Amazing Display of a Car And a Monkey who must Fight a Teacher in Soviet Georgia",5
862,"Summer Scarface","A Emotional Panorama of a Lumberjack And a Hunter who must Meet a Girl in A Shark Tank",5
863,"Sun Confessions","A Beautiful Display of a Mad Cow And a Dog who must Redeem a Waitress in An Abandoned Amusement Park",5
864,"Sundance Invasion","A Epic Drama of a Lumberjack And a Explorer who must Confront a Hunter in A Baloon Factory",5
867,"Super Wyoming","A Action-Packed Saga of a Pastry Chef And a Explorer who must Discover a A Shark in The Outback",5
868,"Superfly Trip","A Beautiful Saga of a Lumberjack And a Teacher who must Build a Technical Writer in An Abandoned Fun House",5
881,"Temple Attraction","A Action-Packed Saga of a Forensic Psychologist And a Woman who must Battle a Womanizer in Soviet Georgia",5
884,"Terminator Club","A Touching Story of a Crocodile And a Girl who must Sink a Man in The Gulf of Mexico",5
886,"Theory Mermaid","A Fateful Yarn of a Composer And a Monkey who must Vanquish a Womanizer in The First Manned Space Station",5
887,"Thief Pelican","A Touching Documentary of a Madman And a Mad Scientist who must Outrace a Feminist in An Abandoned Mine Shaft",5
888,"Thin Sagebrush","A Emotional Drama of a Husband And a Lumberjack who must Build a Cat in Ancient India",5
903,"Traffic Hobbit","A Amazing Epistle of a Squirrel And a Lumberjack who must Succumb a Database Administrator in A U-Boat",5
926,"Untouchables Sunrise","A Amazing Documentary of a Woman And a Astronaut who must Outrace a Teacher in An Abandoned Fun House",5
928,"Uptown Young","A Fateful Documentary of a Dog And a Hunter who must Pursue a Teacher in An Abandoned Amusement Park",5
929,"Usual Untouchables","A Touching Display of a Explorer And a Lumberjack who must Fight a Forensic Psychologist in A Shark Tank",5
935,"Vanished Garden","A Intrepid Character Study of a Squirrel And a A Shark who must Kill a Lumberjack in California",5
945,"Virginian Pluto","A Emotional Panorama of a Dentist And a Crocodile who must Meet a Boy in Berlin",5
947,"Vision Torque","A Thoughtful Documentary of a Dog And a Man who must Sink a Man in A Shark Tank",5
960,"Wars Pluto","A Taut Reflection of a Teacher And a Database Administrator who must Chase a Madman in The Sahara Desert",5
963,"Watch Tracy","A Fast-Paced Yarn of a Dog And a Frisbee who must Conquer a Hunter in Nigeria",5
967,"Weekend Personal","A Fast-Paced Documentary of a Car And a Butler who must Find a Frisbee in A Jet Boat",5
992,"Wrath Mile","A Intrepid Reflection of a Technical Writer And a Hunter who must Defeat a Sumo Wrestler in A Monastery",5
995,"Yentl Idaho","A Amazing Display of a Robot And a Astronaut who must Fight a Womanizer in Berlin",5
384,"Grosse Wonderful","A Epic Drama of a Cat And a Explorer who must Redeem a Moose in Australia",5
14,"Alice Fantasia","A Emotional Drama of a A Shark And a Database Administrator who must Vanquish a Pioneer in Soviet Georgia",6
293,"Exorcist Sting","A Touching Drama of a Dog And a Sumo Wrestler who must Conquer a Mad Scientist in Berlin",6
66,"Beneath Rush","A Astounding Panorama of a Man And a Monkey who must Discover a Man in The First Manned Space Station",6
283,"Ending Crowds","A Unbelieveable Display of a Dentist And a Madman who must Vanquish a Squirrel in Berlin",6
64,"Beethoven Exorcist","A Epic Display of a Pioneer And a Student who must Challenge a Butler in The Gulf of Mexico",6
633,"October Submarine","A Taut Epistle of a Monkey And a Boy who must Confront a Husband in A Jet Boat",6
634,"Odds Boogie","A Thrilling Yarn of a Feminist And a Madman who must Battle a Hunter in Berlin",6
871,"Sweden Shining","A Taut Documentary of a Car And a Robot who must Conquer a Boy in The Canadian Rockies",6
874,"Tadpole Park","A Beautiful Tale of a Frisbee And a Moose who must Vanquish a Dog in An Abandoned Amusement Park",6
281,"Encino Elf","A Astounding Drama of a Feminist And a Teacher who must Confront a Husband in A Baloon",6
646,"Outbreak Divine","A Unbelieveable Yarn of a Database Administrator And a Woman who must Succumb a A Shark in A U-Boat",6
276,"Element Freddy","A Awe-Inspiring Reflection of a Waitress And a Squirrel who must Kill a Mad Cow in A Jet Boat",6
273,"Effect Gladiator","A Beautiful Display of a Pastry Chef And a Pastry Chef who must Outgun a Forensic Psychologist in A Manhattan Penthouse",6
268,"Early Home","A Amazing Panorama of a Mad Scientist And a Husband who must Meet a Woman in The Outback",6
875,"Talented Homicide","A Lacklusture Panorama of a Dentist And a Forensic Psychologist who must Outrace a Pioneer in A U-Boat",6
63,"Bedazzled Married","A Astounding Character Study of a Madman And a Robot who must Meet a Mad Scientist in An Abandoned Fun House",6
880,"Telemark Heartbreakers","A Action-Packed Panorama of a Technical Writer And a Man who must Build a Forensic Psychologist in A Manhattan Penthouse",6
664,"Patriot Roman","A Taut Saga of a Robot And a Database Administrator who must Challenge a Astronaut in California",6
264,"Dwarfs Alter","A Emotional Yarn of a Girl And a Dog who must Challenge a Composer in Ancient Japan",6
263,"Durham Panky","A Brilliant Panorama of a Girl And a Boy who must Face a Mad Scientist in An Abandoned Mine Shaft",6
258,"Drums Dynamite","A Epic Display of a Crocodile And a Crocodile who must Confront a Dog in An Abandoned Amusement Park",6
675,"Phantom Glory","A Beautiful Documentary of a Astronaut And a Crocodile who must Discover a Madman in A Monastery",6
677,"Pianist Outfield","A Intrepid Story of a Boy And a Technical Writer who must Pursue a Lumberjack in A Monastery",6
679,"Pilot Hoosiers","A Awe-Inspiring Reflection of a Crocodile And a Sumo Wrestler who must Meet a Forensic Psychologist in An Abandoned Mine Shaft",6
256,"Drop Waterfront","A Fanciful Documentary of a Husband And a Explorer who must Reach a Madman in Ancient China",6
255,"Driving Polish","A Action-Packed Yarn of a Feminist And a Technical Writer who must Sink a Boat in An Abandoned Mine Shaft",6
252,"Dream Pickup","A Epic Display of a Car And a Composer who must Overcome a Forensic Psychologist in The Gulf of Mexico",6
12,"Alaska Phantom","A Fanciful Saga of a Hunter And a Pastry Chef who must Vanquish a Boy in Australia",6
251,"Dragonfly Strangers","A Boring Documentary of a Pioneer And a Man who must Vanquish a Man in Nigeria",6
685,"Platoon Instinct","A Thrilling Panorama of a Man And a Woman who must Reach a Woman in Australia",6
58,"Beach Heartbreakers","A Fateful Display of a Womanizer And a Mad Scientist who must Outgun a A Shark in Soviet Georgia",6
687,"Pocus Pulp","A Intrepid Yarn of a Frisbee And a Dog who must Build a Astronaut in A Baloon Factory",6
688,"Polish Brooklyn","A Boring Character Study of a Database Administrator And a Lumberjack who must Reach a Madman in The Outback",6
883,"Tequila Past","A Action-Packed Panorama of a Mad Scientist And a Robot who must Challenge a Student in Nigeria",6
691,"Poseidon Forever","A Thoughtful Epistle of a Womanizer And a Monkey who must Vanquish a Dentist in A Monastery",6
975,"Willow Tracy","A Brilliant Panorama of a Boat And a Astronaut who must Challenge a Teacher in A Manhattan Penthouse",6
694,"Prejudice Oleander","A Epic Saga of a Boy And a Dentist who must Outrace a Madman in A U-Boat",6
695,"President Bang","A Fateful Panorama of a Technical Writer And a Moose who must Battle a Robot in Soviet Georgia",6
696,"Pride Alamo","A Thoughtful Drama of a A Shark And a Forensic Psychologist who must Vanquish a Student in Ancient India",6
248,"Dozen Lion","A Taut Drama of a Cat And a Girl who must Defeat a Frisbee in The Canadian Rockies",6
976,"Wind Phantom","A Touching Saga of a Madman And a Forensic Psychologist who must Build a Sumo Wrestler in An Abandoned Mine Shaft",6
235,"Divide Monster","A Intrepid Saga of a Man And a Forensic Psychologist who must Reach a Squirrel in A Monastery",6
703,"Punk Divorce","A Fast-Paced Tale of a Pastry Chef And a Boat who must Face a Frisbee in The Canadian Rockies",6
234,"Disturbing Scarface","A Lacklusture Display of a Crocodile And a Butler who must Overcome a Monkey in A U-Boat",6
979,"Witches Panic","A Awe-Inspiring Drama of a Secret Agent And a Hunter who must Fight a Moose in Nigeria",6
11,"Alamo Videotape","A Boring Epistle of a Butler And a Cat who must Fight a Pastry Chef in A MySQL Convention",6
229,"Devil Desire","A Beautiful Reflection of a Monkey And a Dentist who must Face a Database Administrator in Ancient Japan",6
219,"Deep Crusade","A Amazing Tale of a Crocodile And a Squirrel who must Discover a Composer in Australia",6
217,"Dazed Punk","A Action-Packed Story of a Pioneer And a Technical Writer who must Discover a Forensic Psychologist in An Abandoned Amusement Park",6
209,"Darkness War","A Touching Documentary of a Husband And a Hunter who must Escape a Boy in The Sahara Desert",6
714,"Random Go","A Fateful Drama of a Frisbee And a Student who must Confront a Cat in A Shark Tank",6
716,"Reap Unfaithful","A Thrilling Epistle of a Composer And a Sumo Wrestler who must Challenge a Mad Cow in A MySQL Convention",6
717,"Rear Trading","A Awe-Inspiring Reflection of a Forensic Psychologist And a Secret Agent who must Succumb a Pastry Chef in Soviet Georgia",6
56,"Barefoot Manchurian","A Intrepid Story of a Cat And a Student who must Vanquish a Girl in An Abandoned Amusement Park",6
894,"Tomatoes Hellfighters","A Thoughtful Epistle of a Madman And a Astronaut who must Overcome a Monkey in A Shark Tank",6
725,"Requiem Tycoon","A Unbelieveable Character Study of a Cat And a Database Administrator who must Pursue a Teacher in A Monastery",6
727,"Resurrection Silverado","A Epic Yarn of a Robot And a Explorer who must Challenge a Girl in A MySQL Convention",6
55,"Barbarella Streetcar","A Awe-Inspiring Story of a Feminist And a Cat who must Conquer a Dog in A Monastery",6
900,"Town Ark","A Awe-Inspiring Documentary of a Moose And a Madman who must Meet a Dog in An Abandoned Mine Shaft",6
206,"Dancing Fever","A Stunning Story of a Explorer And a Forensic Psychologist who must Face a Crocodile in A Shark Tank",6
198,"Crystal Breaking","A Fast-Paced Character Study of a Feminist And a Explorer who must Face a Pastry Chef in Ancient Japan",6
194,"Crow Grease","A Awe-Inspiring Documentary of a Woman And a Husband who must Sink a Database Administrator in The First Manned Space Station",6
191,"Crooked Frogmen","A Unbelieveable Drama of a Hunter And a Database Administrator who must Battle a Crocodile in An Abandoned Amusement Park",6
186,"Craft Outfield","A Lacklusture Display of a Explorer And a Hunter who must Succumb a Database Administrator in A Baloon Factory",6
902,"Trading Pinocchio","A Emotional Character Study of a Student And a Explorer who must Discover a Frisbee in The First Manned Space Station",6
178,"Connection Microcosmos","A Fateful Documentary of a Crocodile And a Husband who must Face a Husband in The First Manned Space Station",6
10,"Aladdin Calendar","A Action-Packed Tale of a Man And a Lumberjack who must Reach a Feminist in Ancient China",6
52,"Ballroom Mockingbird","A Thrilling Documentary of a Composer And a Monkey who must Find a Feminist in California",6
176,"Congeniality Quest","A Touching Documentary of a Cat And a Pastry Chef who must Find a Lumberjack in A Baloon",6
749,"Rules Human","A Beautiful Epistle of a Astronaut And a Student who must Confront a Monkey in An Abandoned Fun House",6
751,"Runaway Tenenbaums","A Thoughtful Documentary of a Boat And a Man who must Meet a Boat in An Abandoned Fun House",6
752,"Runner Madigan","A Thoughtful Documentary of a Crocodile And a Robot who must Outrace a Womanizer in The Outback",6
754,"Rushmore Mermaid","A Boring Story of a Woman And a Moose who must Reach a Husband in A Shark Tank",6
49,"Badman Dawn","A Emotional Panorama of a Pioneer And a Composer who must Escape a Mad Scientist in A Jet Boat",6
174,"Confidential Interview","A Stunning Reflection of a Cat And a Woman who must Find a Astronaut in Ancient Japan",6
914,"Trouble Date","A Lacklusture Panorama of a Forensic Psychologist And a Woman who must Kill a Explorer in Ancient Japan",6
171,"Commandments Express","A Fanciful Saga of a Student And a Mad Scientist who must Battle a Hunter in An Abandoned Mine Shaft",6
43,"Atlantis Cause","A Thrilling Yarn of a Feminist And a Hunter who must Fight a Technical Writer in A Shark Tank",6
762,"Sassy Packer","A Fast-Paced Documentary of a Dog And a Teacher who must Find a Moose in A Manhattan Penthouse",6
7,"Airplane Sierra","A Touching Saga of a Hunter And a Butler who must Discover a Butler in A Jet Boat",6
767,"Scalawag Duck","A Fateful Reflection of a Car And a Teacher who must Confront a Waitress in A Monastery",6
927,"Uprising Uptown","A Fanciful Reflection of a Boy And a Butler who must Pursue a Woman in Berlin",6
986,"Wonka Sea","A Brilliant Saga of a Boat And a Mad Scientist who must Meet a Moose in Ancient India",6
5,"African Egg","A Fast-Paced Documentary of a Pastry Chef And a Dentist who must Pursue a Forensic Psychologist in The Gulf of Mexico",6
167,"Coma Head","A Awe-Inspiring Drama of a Boy And a Frisbee who must Escape a Pastry Chef in California",6
773,"Seabiscuit Punk","A Insightful Saga of a Man And a Forensic Psychologist who must Discover a Mad Cow in A MySQL Convention",6
166,"Color Philadelphia","A Thoughtful Panorama of a Car And a Crocodile who must Sink a Monkey in The Sahara Desert",6
776,"Secret Groundhog","A Astounding Story of a Cat And a Database Administrator who must Build a Technical Writer in New Orleans",6
38,"Ark Ridgemont","A Beautiful Yarn of a Pioneer And a Monkey who must Pursue a Explorer in The Sahara Desert",6
161,"Clue Grail","A Taut Tale of a Butler And a Mad Scientist who must Build a Crocodile in Ancient China",6
158,"Clones Pinocchio","A Amazing Drama of a Car And a Robot who must Pursue a Dentist in New Orleans",6
782,"Shakespeare Saddle","A Fast-Paced Panorama of a Lumberjack And a Database Administrator who must Defeat a Madman in A MySQL Convention",6
34,"Arabia Dogma","A Touching Epistle of a Madman And a Mad Cow who must Defeat a Student in Nigeria",6
785,"Shawshank Bubble","A Lacklusture Story of a Moose And a Monkey who must Confront a Butler in An Abandoned Amusement Park",6
155,"Cleopatra Devil","A Fanciful Documentary of a Crocodile And a Technical Writer who must Fight a A Shark in A Baloon",6
790,"Shootist Superfly","A Fast-Paced Story of a Crocodile And a A Shark who must Sink a Pioneer in Berlin",6
793,"Shrunk Divine","A Fateful Character Study of a Waitress And a Technical Writer who must Battle a Hunter in A Baloon",6
1,"Academy Dinosaur","A Epic Drama of a Feminist And a Mad Scientist who must Battle a Teacher in The Canadian Rockies",6
146,"Chitty Lock","A Boring Epistle of a Boat And a Database Administrator who must Kill a Sumo Wrestler in The First Manned Space Station",6
32,"Apocalypse Flamingos","A Astounding Story of a Dog And a Squirrel who must Defeat a Woman in An Abandoned Amusement Park",6
940,"Victory Academy","A Insightful Epistle of a Mad Scientist And a Explorer who must Challenge a Cat in The Sahara Desert",6
143,"Chill Luck","A Lacklusture Epistle of a Boat And a Technical Writer who must Fight a A Shark in The Canadian Rockies",6
141,"Chicago North","A Fateful Yarn of a Mad Cow And a Waitress who must Battle a Student in California",6
24,"Analyze Hoosiers","A Thoughtful Display of a Explorer And a Pastry Chef who must Overcome a Feminist in The Sahara Desert",6
22,"Amistad Midsummer","A Emotional Character Study of a Dentist And a Crocodile who must Meet a Sumo Wrestler in California",6
944,"Virgin Daisy","A Awe-Inspiring Documentary of a Robot And a Mad Scientist who must Reach a Database Administrator in A Shark Tank",6
140,"Cheaper Clyde","A Emotional Character Study of a Pioneer And a Girl who must Discover a Dog in Ancient Japan",6
814,"Snatch Slipper","A Insightful Panorama of a Woman And a Feminist who must Defeat a Forensic Psychologist in Berlin",6
154,"Clash Freddy","A Amazing Yarn of a Composer And a Squirrel who must Escape a Astronaut in Australia",6
132,"Chainsaw Uptown","A Beautiful Documentary of a Boy And a Robot who must Discover a Squirrel in Australia",6
821,"Sorority Queen","A Fast-Paced Display of a Squirrel And a Composer who must Fight a Forensic Psychologist in A Jet Boat",6
822,"Soup Wisdom","A Fast-Paced Display of a Robot And a Butler who must Defeat a Butler in A MySQL Convention",6
123,"Casablanca Super","A Amazing Panorama of a Crocodile And a Forensic Psychologist who must Pursue a Secret Agent in The First Manned Space Station",6
119,"Caper Motions","A Fateful Saga of a Moose And a Car who must Pursue a Woman in A MySQL Convention",6
825,"Speakeasy Date","A Lacklusture Drama of a Forensic Psychologist And a Car who must Redeem a Man in A Manhattan Penthouse",6
467,"Intrigue Worst","A Fanciful Character Study of a Explorer And a Mad Scientist who must Vanquish a Squirrel in A Jet Boat",6
8,"Airport Pollock","A Epic Tale of a Moose And a Girl who must Confront a Monkey in Ancient India",6
474,"Jade Bunch","A Insightful Panorama of a Squirrel And a Mad Cow who must Confront a Student in The First Manned Space Station",6
475,"Japanese Run","A Awe-Inspiring Epistle of a Feminist And a Girl who must Sink a Girl in The Outback",6
993,"Wrong Behavior","A Emotional Saga of a Crocodile And a Sumo Wrestler who must Discover a Mad Cow in New Orleans",6
948,"Voice Peach","A Amazing Panorama of a Pioneer And a Student who must Overcome a Mad Scientist in A Manhattan Penthouse",6
466,"Intolerable Intentions","A Awe-Inspiring Story of a Monkey And a Pastry Chef who must Succumb a Womanizer in A MySQL Convention",6
456,"Inch Jet","A Fateful Saga of a Womanizer And a Student who must Defeat a Butler in A Monastery",6
485,"Jersey Sassy","A Lacklusture Documentary of a Madman And a Mad Cow who must Find a Feminist in Ancient Japan",6
487,"Jingle Sagebrush","A Epic Character Study of a Feminist And a Student who must Meet a Woman in A Baloon",6
454,"Impact Aladdin","A Epic Character Study of a Frisbee And a Moose who must Outgun a Technical Writer in A Shark Tank",6
443,"Hurricane Affair","A Lacklusture Epistle of a Database Administrator And a Woman who must Meet a Hunter in An Abandoned Mine Shaft",6
442,"Hunting Musketeers","A Thrilling Reflection of a Pioneer And a Dentist who must Outrace a Womanizer in An Abandoned Mine Shaft",6
492,"Jungle Closer","A Boring Character Study of a Boy And a Woman who must Battle a Astronaut in Australia",6
949,"Volcano Texas","A Awe-Inspiring Yarn of a Hunter And a Feminist who must Challenge a Dentist in The Outback",6
440,"Hunger Roof","A Unbelieveable Yarn of a Student And a Database Administrator who must Outgun a Husband in An Abandoned Mine Shaft",6
117,"Candles Grapes","A Fanciful Character Study of a Monkey And a Explorer who must Build a Astronaut in An Abandoned Fun House",6
435,"Hotel Happiness","A Thrilling Yarn of a Pastry Chef And a A Shark who must Challenge a Mad Scientist in The Outback",6
835,"Spy Mile","A Thrilling Documentary of a Feminist And a Feminist who must Confront a Feminist in A Baloon",6
428,"Homicide Peach","A Astounding Documentary of a Hunter And a Boy who must Confront a Boy in A MySQL Convention",6
108,"Butch Panther","A Lacklusture Yarn of a Feminist And a Database Administrator who must Face a Hunter in New Orleans",6
505,"Labyrinth League","A Awe-Inspiring Saga of a Composer And a Frisbee who must Succumb a Pioneer in The Sahara Desert",6
425,"Holy Tadpole","A Action-Packed Display of a Feminist And a Pioneer who must Pursue a Dog in A Baloon Factory",6
424,"Holocaust Highball","A Awe-Inspiring Yarn of a Composer And a Man who must Find a Robot in Soviet Georgia",6
508,"Lambs Cincinatti","A Insightful Story of a Man And a Feminist who must Fight a Composer in Australia",6
951,"Voyage Legally","A Epic Tale of a Squirrel And a Hunter who must Conquer a Boy in An Abandoned Mine Shaft",6
510,"Lawless Vision","A Insightful Yarn of a Boy And a Sumo Wrestler who must Outgun a Car in The Outback",6
958,"Wardrobe Phantom","A Action-Packed Display of a Mad Cow And a Astronaut who must Kill a Car in Ancient India",6
513,"Leathernecks Dwarfs","A Fateful Reflection of a Dog And a Mad Cow who must Outrace a Teacher in An Abandoned Mine Shaft",6
514,"Lebowski Soldiers","A Beautiful Epistle of a Secret Agent And a Pioneer who must Chase a Astronaut in Ancient China",6
959,"Warlock Werewolf","A Astounding Yarn of a Pioneer And a Crocodile who must Defeat a A Shark in The Outback",6
416,"Highball Potter","A Action-Packed Saga of a Husband And a Dog who must Redeem a Database Administrator in The Sahara Desert",6
560,"Mars Roman","A Boring Drama of a Car And a Dog who must Succumb a Madman in Soviet Georgia",6
524,"Lion Uncut","A Intrepid Display of a Pastry Chef And a Cat who must Kill a A Shark in Ancient China",6
412,"Heavyweights Beast","A Unbelieveable Story of a Composer And a Dog who must Overcome a Womanizer in An Abandoned Amusement Park",6
405,"Haunted Antitrust","A Amazing Saga of a Man And a Dentist who must Reach a Technical Writer in Ancient India",6
401,"Harold French","A Stunning Saga of a Sumo Wrestler And a Student who must Outrace a Moose in The Sahara Desert",6
994,"Wyoming Storm","A Awe-Inspiring Panorama of a Robot And a Boat who must Overcome a Feminist in A U-Boat",6
105,"Bull Shawshank","A Fanciful Drama of a Moose And a Squirrel who must Conquer a Pioneer in The Canadian Rockies",6
399,"Happiness United","A Action-Packed Panorama of a Husband And a Feminist who must Meet a Forensic Psychologist in Ancient Japan",6
86,"Boogie Amelie","A Lacklusture Character Study of a Husband And a Sumo Wrestler who must Succumb a Technical Writer in The Gulf of Mexico",6
535,"Love Suicides","A Brilliant Panorama of a Hunter And a Explorer who must Pursue a Dentist in An Abandoned Fun House",6
844,"Steers Armageddon","A Stunning Character Study of a Car And a Girl who must Succumb a Car in A MySQL Convention",6
561,"Mask Peach","A Boring Character Study of a Student And a Robot who must Meet a Woman in California",6
849,"Storm Happiness","A Insightful Drama of a Feminist And a A Shark who must Vanquish a Boat in A Shark Tank",6
393,"Halloween Nuts","A Amazing Panorama of a Forensic Psychologist And a Technical Writer who must Fight a Dentist in A U-Boat",6
391,"Half Outfield","A Epic Epistle of a Database Administrator And a Crocodile who must Face a Madman in A Jet Boat",6
385,"Groundhog Uncut","A Brilliant Panorama of a Astronaut And a Technical Writer who must Discover a Butler in A Manhattan Penthouse",6
550,"Maguire Apache","A Fast-Paced Reflection of a Waitress And a Hunter who must Defeat a Forensic Psychologist in A Baloon",6
81,"Blindness Gun","A Touching Drama of a Robot And a Dentist who must Meet a Hunter in A Jet Boat",6
383,"Groove Fiction","A Unbelieveable Reflection of a Moose And a A Shark who must Defeat a Lumberjack in An Abandoned Mine Shaft",6
554,"Malkovich Pet","A Intrepid Reflection of a Waitress And a A Shark who must Kill a Squirrel in The Outback",6
367,"Goldmine Tycoon","A Brilliant Epistle of a Composer And a Frisbee who must Conquer a Husband in The Outback",6
556,"Maltese Hope","A Fast-Paced Documentary of a Crocodile And a Sumo Wrestler who must Conquer a Explorer in California",6
998,"Zhivago Core","A Fateful Yarn of a Composer And a Man who must Face a Boy in The Canadian Rockies",6
562,"Masked Bubble","A Fanciful Documentary of a Pioneer And a Boat who must Pursue a Pioneer in An Abandoned Mine Shaft",6
563,"Massacre Usual","A Fateful Reflection of a Waitress And a Crocodile who must Challenge a Forensic Psychologist in California",6
359,"Gladiator Westward","A Astounding Reflection of a Squirrel And a Sumo Wrestler who must Sink a Dentist in Ancient Japan",6
565,"Matrix Snowman","A Action-Packed Saga of a Womanizer And a Woman who must Overcome a Student in California",6
566,"Maude Mod","A Beautiful Documentary of a Forensic Psychologist And a Cat who must Reach a Astronaut in Nigeria",6
354,"Ghost Groundhog","A Brilliant Panorama of a Madman And a Composer who must Succumb a Car in Ancient India",6
75,"Bird Independence","A Thrilling Documentary of a Car And a Student who must Sink a Hunter in The Canadian Rockies",6
571,"Metal Armageddon","A Thrilling Display of a Lumberjack And a Crocodile who must Meet a Monkey in A Baloon Factory",6
353,"Gentlemen Stage","A Awe-Inspiring Reflection of a Monkey And a Student who must Overcome a Dentist in The First Manned Space Station",6
573,"Microcosmos Paradise","A Touching Character Study of a Boat And a Student who must Sink a A Shark in Nigeria",6
343,"Full Flatliners","A Beautiful Documentary of a Astronaut And a Moose who must Pursue a Monkey in A Shark Tank",6
340,"Frontier Cabin","A Emotional Story of a Madman And a Waitress who must Battle a Teacher in An Abandoned Fun House",6
338,"Frisco Forrest","A Beautiful Documentary of a Woman And a Pioneer who must Pursue a Mad Scientist in A Shark Tank",6
584,"Mixed Doors","A Taut Drama of a Womanizer And a Lumberjack who must Succumb a Pioneer in Ancient India",6
337,"Frida Slipper","A Fateful Story of a Lumberjack And a Car who must Escape a Boat in An Abandoned Mine Shaft",6
334,"Freddy Storm","A Intrepid Saga of a Man And a Lumberjack who must Vanquish a Husband in The Outback",6
587,"Mod Secretary","A Boring Documentary of a Mad Cow And a Cat who must Build a Lumberjack in New Orleans",6
331,"Forward Temple","A Astounding Display of a Forensic Psychologist And a Mad Scientist who must Challenge a Girl in New Orleans",6
591,"Monsoon Cause","A Astounding Tale of a Crocodile And a Car who must Outrace a Squirrel in A U-Boat",6
592,"Monster Spartacus","A Fast-Paced Story of a Waitress And a Cat who must Fight a Girl in Australia",6
593,"Monterey Labyrinth","A Awe-Inspiring Drama of a Monkey And a Composer who must Escape a Feminist in A U-Boat",6
594,"Montezuma Command","A Thrilling Reflection of a Waitress And a Butler who must Battle a Butler in A Jet Boat",6
326,"Flying Hook","A Thrilling Display of a Mad Cow And a Dog who must Challenge a Frisbee in Nigeria",6
19,"Amadeus Holy","A Emotional Display of a Pioneer And a Technical Writer who must Battle a Man in A Baloon",6
598,"Mosquito Armageddon","A Thoughtful Character Study of a Waitress And a Feminist who must Build a Teacher in Ancient Japan",6
965,"Watership Frontier","A Emotional Yarn of a Boat And a Crocodile who must Meet a Moose in Soviet Georgia",6
325,"Floats Garden","A Action-Packed Epistle of a Robot And a Car who must Chase a Boat in Ancient Japan",6
72,"Bill Others","A Stunning Saga of a Mad Scientist And a Forensic Psychologist who must Challenge a Squirrel in A MySQL Convention",6
603,"Movie Shakespeare","A Insightful Display of a Database Administrator And a Student who must Build a Hunter in Berlin",6
309,"Feud Frogmen","A Brilliant Reflection of a Database Administrator And a Mad Cow who must Chase a Woman in The Canadian Rockies",6
996,"Young Language","A Unbelieveable Yarn of a Boat And a Database Administrator who must Meet a Boy in The First Manned Space Station",6
608,"Murder Antitrust","A Brilliant Yarn of a Car And a Database Administrator who must Escape a Boy in A MySQL Convention",6
612,"Mussolini Spoilers","A Thrilling Display of a Boat And a Monkey who must Meet a Composer in Ancient China",6
968,"Werewolf Lola","A Fanciful Story of a Man And a Sumo Wrestler who must Outrace a Student in A Monastery",6
18,"Alter Victory","A Thoughtful Drama of a Composer And a Feminist who must Meet a Secret Agent in The Canadian Rockies",6
615,"Nash Chocolat","A Epic Reflection of a Monkey And a Mad Cow who must Kill a Forensic Psychologist in An Abandoned Mine Shaft",6
307,"Fellowship Autumn","A Lacklusture Reflection of a Dentist And a Hunter who must Meet a Teacher in A Baloon",6
305,"Fatal Haunted","A Beautiful Drama of a Student And a Secret Agent who must Confront a Dentist in Ancient Japan",6
866,"Sunset Racer","A Awe-Inspiring Reflection of a Astronaut And a A Shark who must Defeat a Forensic Psychologist in California",6
16,"Alley Evolution","A Fast-Paced Drama of a Robot And a Composer who must Battle a Astronaut in New Orleans",6
303,"Fantasy Troopers","A Touching Saga of a Teacher And a Monkey who must Overcome a Secret Agent in A MySQL Convention",6
297,"Extraordinary Conquerer","A Stunning Story of a Dog And a Feminist who must Face a Forensic Psychologist in Berlin",6
